{
  "clip_param": 0.15900125668448908,
  "env": "Reactor-v8",
  "kl_coeff": 1.0,
  "lambda": 0.920361022992145,
  "lr": 0.0001,
  "num_cpus": 1,
  "num_gpus": 0.5,
  "num_workers": 6,
  "rollout_fragment_length": 1,
  "train_batch_size": 2048
}